src,dst
Engine Basics,EV Powertrain
Engine Basics,Vehicle Diagnostics
Automotive Electricals,EV Powertrain
BMS Fundamentals,Battery Diagnostics
Battery Pack Assembly,Battery Diagnostics
EV Powertrain,Battery Swapping Operations
Automotive Electricals,Two-Wheeler EV Repair
Industrial Safety,Safety in EV Workshops
Fitting & Measurement,CNC Machining
Lathe Operations,CNC Machining
CNC Machining,CNC Programming
Welding Fundamentals,MIG Welding
Welding Fundamentals,TIG Welding
MIG Welding,Welding Inspection
TIG Welding,Welding Inspection
NDT Basics,Welding Inspection
Fitting & Measurement,Metrology
Metrology,Calibration Techniques
Assembly Line Operations,Quality Control
Industrial Documentation,Quality Control
Six Sigma Basics,Quality Control
Preventive Maintenance,Machine Operator (General)
Hydraulics & Pneumatics,Preventive Maintenance
Electrical Wiring,Panel Wiring
Electrical Wiring,Industrial Electrician Skills
Panel Wiring,Transformer Maintenance
Industrial Electrician Skills,Transformer Maintenance
Electrical Wiring,Solar PV Installation
Solar Site Survey,Solar PV Installation
Solar PV Installation,PV System Design
Solar Inverter Basics,Solar PV Installation
Solar PV Installation,Net Metering Compliance
Solar PV Installation,Solar Water Pump Systems
Electrical Wiring,Energy Auditing
PLCS & SCADA Basics,Energy Auditing
Textile Machine Operation,Fabric Quality Checking
Textile Machine Operation,Yarn Testing
Dyeing Techniques,Printing Techniques
Garment Stitching,Pattern Making
Textile Testing,Fabric Quality Checking
Garment Machine Maintenance,Textile Machine Operation
Power Loom Maintenance,Textile Machine Operation
GST Invoice Executives (Textile),Documentation
Warehouse Operations,Inventory Management
Inventory Management,Supply Chain Basics
Forklift Operation,Warehouse Operations
Warehouse Operations,Last-Mile Delivery
Customs Documentation,Port Operations
Port Operations,Transport Fleet Coordination
Supply Chain Basics,Transport Fleet Coordination
IT Support Basics,Hardware Troubleshooting
IT Support Basics,Networking Fundamentals
Hardware Troubleshooting,Operating System Administration
Networking Fundamentals,Cybersecurity Hygiene
Excel for Business,Data Analysis
Python,Data Analysis
Web Development Basics,Python
Data Entry Operations,CRM Software Usage
Customer Support (Voice),CRM Software Usage
Retail Sales Associate,Billing & POS Operations
Retail Sales Associate,Customer Service
Visual Merchandising,Category Management
Beauty Therapy,Salon Management
Massage Therapy,Spa Operations
Yoga Instruction,Fitness Training
Nutrition & Diet Basics,Client Assessment
Client Assessment,Salon Management
Entrepreneurship,Business Planning
Business Planning,Financial Accounting Basics
Financial Accounting Basics,GST & Compliance Basics
Digital Marketing,Market Linkage & Selling
E-Commerce Operations,Digital Marketing
Financial Literacy,Entrepreneurship
Healthcare Assistant Skills,First Aid & BLS
Home Health Aide,Healthcare Assistant Skills
Phlebotomy Basics,Medical Laboratory Basics
Medical Records Management,Medical Laboratory Basics
Anm Nursing Skills,Healthcare Assistant Skills
Agri-Input Advisory,Greenhouse Operations
Dairy Operations,Food Processing Basics
Food Processing Basics,Food Quality Testing
Food Processing Basics,Packaged Food Production
Nursery Management,Floriculture
Organic Farming Practices,Vermicomposting
Cold Chain Handling,Packaged Food Production
Apiculture,Sericulture
Aromatic Plant Processing,Floriculture
Construction Masonry,Bar Bending & Steel Fixing
Shuttering Carpentry,Construction Masonry
Plumbing & Sanitation,Tile & Marble Fixing
Land Surveying Basics,Site Supervision
Painting & Waterproofing,Tile & Marble Fixing
HVAC Installation,Electrical Wiring
Fire Safety Systems,Panel Wiring
Domestic Data Voice Cabling,Networking Fundamentals
Front Office Operations,Tourism Operations
Food & Beverage Service,Housekeeping Operations
Bakery & Confectionery,Cookery (Multi-Cuisine)
Heritage Walk Guiding,Tourism Operations
Event Management Basics,Front Office Operations
Media & Entertainment Production,Video Editing
Graphic Design Basics,Social Media Content Creation
Sound Recording Basics,Media & Entertainment Production
2D Animation Basics,Video Editing
Photography Operations,Graphic Design Basics
Gems & Jewellery Basics,Stone Setting
Jewellery Design (CAD),Gems & Jewellery Basics
Handicrafts Production,Leather Goods Making
Handicrafts Production,Pottery & Ceramics
Handloom Weaving,Jute Product Making
Bamboo Craft,Handicrafts Production
Water Testing Basics,Rainwater Harvesting Systems
Water Pump Repair,Solar Water Pump Systems
Waste Segregation & Recycling,E-Waste Handling
Industrial Safety,Waste Segregation & Recycling
Communication,Workplace Communication
Communication,Interview Preparation
Interview Preparation,Resume Building
Teamwork,Time Management
Documentation,Industrial Documentation
Data Analysis,Excel for Business
Aptitude,Career Planning
Career Planning,Lifelong Learning Habits
Two-Wheeler Repair,Two-Wheeler EV Repair
Motor Winding,Battery Pack Assembly
Vehicle Diagnostics,Fleet Maintenance Planning
Automotive Painting,Two-Wheeler Repair
